Date,Country,Region,Product,Sales Rep,Channel,Units Sold,Revenue (USD)
2024-01-15,USA,North America,Aspirin,John Smith,Hospital,1200,24000
2024-01-20,USA,North America,Paracetamol,Jane Doe,Pharmacy,800,16000
2024-02-10,Canada,North America,Aspirin,Emily White,Hospital,700,14000
2024-02-14,Canada,North America,Ibuprofen,Michael Brown,Pharmacy,500,13500
2024-03-05,Germany,Europe,Aspirin,Karl Schmidt,Hospital,1100,22000
2024-03-12,Germany,Europe,Paracetamol,Lisa Meier,Pharmacy,950,19000
2024-03-22,France,Europe,Ibuprofen,Jean Dupont,Hospital,1000,27000
2024-04-02,France,Europe,Aspirin,Marie Curie,Pharmacy,600,12000
2024-04-18,India,Asia,Paracetamol,Raj Sharma,Hospital,1500,30000
2024-04-25,India,Asia,Ibuprofen,Anita Kumar,Pharmacy,900,24300
2024-05-07,Japan,Asia,Aspirin,Satoshi Tanaka,Hospital,1300,26000
2024-05-14,Japan,Asia,Paracetamol,Yuki Suzuki,Pharmacy,1100,22000
2024-05-21,Australia,Oceania,Ibuprofen,Olivia Lee,Hospital,800,21600
2024-05-28,Australia,Oceania,Aspirin,Liam Wilson,Pharmacy,700,14000